{
    "Среднее удобство": 3.0131317758436404,
    "Средняя безопасность": 3.01099404489235,
    "Средняя функциональность": 3.007940143533364
}